play_id,game_id,season,week,opponent,team_score,opponent_score,drive_id,period,yards_to_goal,down,distance,reception_player_id,reception_player,reception_yds,completion_player_id,completion_player,completion_yds,rush_player_id,rush_player,rush_yds,interception_player_id,interception_player,interception_stat,interception_thrown_player_id,interception_thrown_player,interception_thrown_stat,touchdown_player_id,touchdown_player,touchdown_stat,incompletion_player_id,incompletion_player,incompletion_stat,target_player_id,target_player,target_stat,fumble_recovered_player_id,fumble_recovered_player,fumble_recovered_stat,fumble_forced_player_id,fumble_forced_player,fumble_forced_stat,fumble_player_id,fumble_player,fumble_stat,sack_player_id,sack_player,sack_stat,sack_taken_player_id,sack_taken_player,sack_taken_stat,pass_breakup_player_id,pass_breakup_player,pass_breakup_stat
401628319101849903,401628319,2024,1,Alabama,0,0,4016283191,1,75,1,10,4693881,Kisean Johnson,2,4431948,TJ Finley,2,NA,NA,NA,NA,NA,NA,NA,NA,NA,NA,NA,NA,NA,NA,NA,NA,NA,NA,NA,NA,NA,NA,NA,NA,NA,NA,NA,NA,NA,NA,NA,NA,NA,NA,NA,NA
401628319101856101,401628319,2024,1,Alabama,0,0,4016283191,1,73,2,8,4698179,River Helms,16,4431948,TJ Finley,16,NA,NA,NA,NA,NA,NA,NA,NA,NA,NA,NA,NA,NA,NA,NA,NA,NA,NA,NA,NA,NA,NA,NA,NA,NA,NA,NA,NA,NA,NA,NA,NA,NA,NA,NA,NA
401628319101857901,401628319,2024,1,Alabama,0,0,4016283191,1,57,1,10,NA,NA,NA,NA,NA,NA,NA,NA,NA,NA,NA,NA,NA,NA,NA,NA,NA,NA,4431948,TJ Finley,1,4698179,River Helms,1,NA,NA,NA,NA,NA,NA,NA,NA,NA,NA,NA,NA,NA,NA,NA,NA,NA,NA
401628319101859401,401628319,2024,1,Alabama,0,0,4016283191,1,57,2,10,NA,NA,NA,NA,NA,NA,4433945,Elijah Young,-2,NA,NA,NA,NA,NA,NA,NA,NA,NA,NA,NA,NA,NA,NA,NA,NA,NA,NA,NA,NA,NA,NA,NA,NA,NA,NA,NA,NA,NA,NA,NA,NA,NA
401628319101866901,401628319,2024,1,Alabama,0,0,4016283191,1,59,3,12,NA,NA,NA,NA,NA,NA,NA,NA,NA,NA,NA,NA,NA,NA,NA,NA,NA,NA,NA,NA,NA,NA,NA,NA,NA,NA,NA,NA,NA,NA,NA,NA,NA,4692048,Quandarrius Robinson,1,4431948,TJ Finley,10,NA,NA,NA
401628319101874902,401628319,2024,1,Western Kentucky,0,0,4016283192,1,69,1,10,NA,NA,NA,NA,NA,NA,4870760,Justice Haynes,4,NA,NA,NA,NA,NA,NA,NA,NA,NA,NA,NA,NA,NA,NA,NA,NA,NA,NA,NA,NA,NA,NA,NA,NA,NA,NA,NA,NA,NA,NA,NA,NA,NA
401628319101877701,401628319,2024,1,Alabama,0,0,4016283192,1,65,2,6,NA,NA,NA,NA,NA,NA,NA,NA,NA,NA,NA,NA,NA,NA,NA,NA,NA,NA,NA,NA,NA,NA,NA,NA,NA,NA,NA,5085436,Hosea Wheeler,1,4432734,Jalen Milroe,1,5085436,Hosea Wheeler,1,4432734,Jalen Milroe,-7,NA,NA,NA
401628319101886501,401628319,2024,1,Western Kentucky,0,0,4016283192,1,72,3,13,NA,NA,NA,NA,NA,NA,NA,NA,NA,NA,NA,NA,NA,NA,NA,NA,NA,NA,4432734,Jalen Milroe,1,4685441,Kendrick Law,1,NA,NA,NA,NA,NA,NA,NA,NA,NA,NA,NA,NA,NA,NA,NA,NA,NA,NA
401628319101887902,401628319,2024,1,Alabama,0,0,4016283193,1,80,1,10,NA,NA,NA,NA,NA,NA,4914830,Easton Messer,2,NA,NA,NA,NA,NA,NA,NA,NA,NA,NA,NA,NA,NA,NA,NA,NA,NA,NA,NA,NA,NA,NA,NA,NA,NA,NA,NA,NA,NA,NA,NA,NA,NA
401628319101895101,401628319,2024,1,Alabama,0,0,4016283193,1,78,2,8,NA,NA,NA,NA,NA,NA,NA,NA,NA,4685507,Keon Sabb,1,4431948,TJ Finley,1,NA,NA,NA,NA,NA,NA,NA,NA,NA,NA,NA,NA,NA,NA,NA,NA,NA,NA,NA,NA,NA,NA,NA,NA,NA,NA,NA
401628319101895102,401628319,2024,1,Western Kentucky,0,0,4016283194,1,16,1,10,NA,NA,NA,NA,NA,NA,4685477,Jamarion Miller,4,NA,NA,NA,NA,NA,NA,NA,NA,NA,NA,NA,NA,NA,NA,NA,NA,NA,NA,NA,NA,NA,NA,NA,NA,NA,NA,NA,NA,NA,NA,NA,NA,NA
401628319101899201,401628319,2024,1,Western Kentucky,7,0,4016283194,1,12,2,6,NA,NA,NA,NA,NA,NA,4432734,Jalen Milroe,12,NA,NA,NA,NA,NA,NA,4432734,Jalen Milroe,1,NA,NA,NA,NA,NA,NA,NA,NA,NA,NA,NA,NA,NA,NA,NA,NA,NA,NA,NA,NA,NA,NA,NA,NA
401628319101899204,401628319,2024,1,Alabama,0,7,4016283195,1,75,1,10,NA,NA,NA,NA,NA,NA,NA,NA,NA,NA,NA,NA,NA,NA,NA,NA,NA,NA,4431948,TJ Finley,1,4428527,Dalvin Smith,1,NA,NA,NA,NA,NA,NA,NA,NA,NA,NA,NA,NA,NA,NA,NA,NA,NA,NA
401628319101899501,401628319,2024,1,Alabama,0,7,4016283195,1,75,2,10,4693881,Kisean Johnson,13,4431948,TJ Finley,13,NA,NA,NA,NA,NA,NA,NA,NA,NA,NA,NA,NA,NA,NA,NA,NA,NA,NA,NA,NA,NA,NA,NA,NA,NA,NA,NA,NA,NA,NA,NA,NA,NA,NA,NA,NA
401628319101907002,401628319,2024,1,Alabama,0,7,4016283195,1,57,1,10,NA,NA,NA,NA,NA,NA,4433945,Elijah Young,-2,NA,NA,NA,NA,NA,NA,NA,NA,NA,NA,NA,NA,NA,NA,NA,NA,NA,NA,NA,NA,NA,NA,NA,NA,NA,NA,NA,NA,NA,NA,NA,NA,NA
401628319101914601,401628319,2024,1,Alabama,0,7,4016283195,1,59,2,12,NA,NA,NA,NA,NA,NA,4431948,TJ Finley,8,NA,NA,NA,NA,NA,NA,NA,NA,NA,NA,NA,NA,NA,NA,NA,NA,NA,NA,NA,NA,NA,NA,NA,NA,NA,NA,NA,NA,NA,NA,NA,NA,NA
401628319101918501,401628319,2024,1,Alabama,0,7,4016283195,1,36,1,10,NA,NA,NA,NA,NA,NA,4433945,Elijah Young,10,NA,NA,NA,NA,NA,NA,NA,NA,NA,NA,NA,NA,NA,NA,NA,NA,NA,NA,NA,NA,NA,NA,NA,NA,NA,NA,NA,NA,NA,NA,NA,NA,NA
401628319101926801,401628319,2024,1,Alabama,0,7,4016283195,1,26,1,10,NA,NA,NA,NA,NA,NA,NA,NA,NA,NA,NA,NA,NA,NA,NA,NA,NA,NA,4431948,TJ Finley,1,4914830,Easton Messer,1,NA,NA,NA,NA,NA,NA,NA,NA,NA,NA,NA,NA,NA,NA,NA,NA,NA,NA
401628319101927401,401628319,2024,1,Alabama,0,7,4016283195,1,26,2,10,4698179,River Helms,4,4431948,TJ Finley,4,NA,NA,NA,NA,NA,NA,NA,NA,NA,NA,NA,NA,NA,NA,NA,NA,NA,NA,NA,NA,NA,NA,NA,NA,NA,NA,NA,NA,NA,NA,NA,NA,NA,NA,NA,NA
401628319101936701,401628319,2024,1,Alabama,0,7,4016283195,1,22,3,6,NA,NA,NA,NA,NA,NA,NA,NA,NA,4685507,Keon Sabb,1,4431948,TJ Finley,1,NA,NA,NA,NA,NA,NA,NA,NA,NA,NA,NA,NA,NA,NA,NA,NA,NA,NA,NA,NA,NA,NA,NA,NA,NA,NA,NA
401628319101936702,401628319,2024,1,Western Kentucky,7,0,4016283196,1,26,1,10,NA,NA,NA,NA,NA,NA,4870760,Justice Haynes,2,NA,NA,NA,NA,NA,NA,NA,NA,NA,NA,NA,NA,NA,NA,NA,NA,NA,NA,NA,NA,NA,NA,NA,NA,NA,NA,NA,NA,NA,NA,NA,NA,NA
401628319101944401,401628319,2024,1,Western Kentucky,7,0,4016283196,1,24,2,8,NA,NA,NA,NA,NA,NA,4432734,Jalen Milroe,2,NA,NA,NA,NA,NA,NA,NA,NA,NA,NA,NA,NA,NA,NA,NA,NA,NA,NA,NA,NA,NA,NA,NA,NA,NA,NA,NA,NA,NA,NA,NA,NA,NA
401628319101949801,401628319,2024,1,Western Kentucky,14,0,4016283196,1,22,3,6,4432734,Jalen Milroe,22,4685441,Kendrick Law,22,NA,NA,NA,NA,NA,NA,NA,NA,NA,4432734,Jalen Milroe,1,NA,NA,NA,NA,NA,NA,NA,NA,NA,NA,NA,NA,NA,NA,NA,NA,NA,NA,NA,NA,NA,NA,NA,NA
401628319101949804,401628319,2024,1,Alabama,0,14,4016283197,1,75,1,10,NA,NA,NA,NA,NA,NA,4433945,Elijah Young,2,NA,NA,NA,NA,NA,NA,NA,NA,NA,NA,NA,NA,NA,NA,NA,NA,NA,NA,NA,NA,NA,NA,NA,NA,NA,NA,NA,NA,NA,NA,NA,NA,NA
401628319101957201,401628319,2024,1,Alabama,0,14,4016283197,1,73,2,8,NA,NA,NA,NA,NA,NA,NA,NA,NA,NA,NA,NA,NA,NA,NA,NA,NA,NA,4431948,TJ Finley,1,4686145,Bryce Childress,1,NA,NA,NA,NA,NA,NA,NA,NA,NA,NA,NA,NA,NA,NA,NA,NA,NA,NA
401628319101957601,401628319,2024,1,Alabama,0,14,4016283197,1,73,3,8,NA,NA,NA,NA,NA,NA,4431948,TJ Finley,3,NA,NA,NA,NA,NA,NA,NA,NA,NA,NA,NA,NA,NA,NA,NA,NA,NA,NA,NA,NA,NA,NA,NA,NA,NA,NA,NA,NA,NA,NA,NA,NA,NA
401628319101965302,401628319,2024,1,Western Kentucky,14,0,4016283198,1,81,1,10,4596545,C.J. Dippre,8,4432734,Jalen Milroe,8,NA,NA,NA,NA,NA,NA,NA,NA,NA,NA,NA,NA,NA,NA,NA,NA,NA,NA,NA,NA,NA,NA,NA,NA,NA,NA,NA,NA,NA,NA,NA,NA,NA,NA,NA,NA
401628319101967601,401628319,2024,1,Western Kentucky,14,0,4016283198,1,78,2,7,NA,NA,NA,NA,NA,NA,4685477,Jamarion Miller,3,NA,NA,NA,NA,NA,NA,NA,NA,NA,NA,NA,NA,NA,NA,NA,NA,NA,NA,NA,NA,NA,NA,NA,NA,NA,NA,NA,NA,NA,NA,NA,NA,NA
401628319101968401,401628319,2024,1,Western Kentucky,14,0,4016283198,1,85,2,14,NA,NA,NA,NA,NA,NA,4432734,Jalen Milroe,1,NA,NA,NA,NA,NA,NA,NA,NA,NA,NA,NA,NA,NA,NA,NA,NA,NA,NA,NA,NA,NA,NA,NA,NA,NA,NA,NA,NA,NA,NA,NA,NA,NA
401628319101977204,401628319,2024,1,Western Kentucky,21,0,4016283198,1,84,3,13,4432734,Jalen Milroe,84,5141711,Ryan Williams,84,NA,NA,NA,NA,NA,NA,NA,NA,NA,4432734,Jalen Milroe,1,NA,NA,NA,NA,NA,NA,NA,NA,NA,NA,NA,NA,NA,NA,NA,NA,NA,NA,NA,NA,NA,NA,NA,NA
401628319101977205,401628319,2024,1,Alabama,0,21,4016283199,1,75,1,10,5095915,Moussa Barry,5,4431948,TJ Finley,5,NA,NA,NA,NA,NA,NA,NA,NA,NA,NA,NA,NA,NA,NA,NA,NA,NA,NA,NA,NA,NA,NA,NA,NA,NA,NA,NA,NA,NA,NA,NA,NA,NA,NA,NA,NA
401628319101979801,401628319,2024,1,Alabama,0,21,4016283199,1,70,2,5,NA,NA,NA,NA,NA,NA,NA,NA,NA,NA,NA,NA,NA,NA,NA,NA,NA,NA,4431948,TJ Finley,1,4433945,Elijah Young,1,NA,NA,NA,NA,NA,NA,NA,NA,NA,NA,NA,NA,NA,NA,NA,NA,NA,NA
401628319101984201,401628319,2024,1,Alabama,0,21,4016283199,1,70,3,5,NA,NA,NA,NA,NA,NA,NA,NA,NA,NA,NA,NA,NA,NA,NA,NA,NA,NA,4431948,TJ Finley,1,4914830,Easton Messer,1,NA,NA,NA,NA,NA,NA,NA,NA,NA,NA,NA,NA,NA,NA,NA,NA,NA,NA
401628319101986002,401628319,2024,1,Western Kentucky,21,0,40162831910,1,72,1,10,NA,NA,NA,NA,NA,NA,4432734,Jalen Milroe,1,NA,NA,NA,NA,NA,NA,NA,NA,NA,NA,NA,NA,NA,NA,NA,NA,NA,NA,NA,NA,NA,NA,NA,NA,NA,NA,NA,NA,NA,NA,NA,NA,NA
401628319101989001,401628319,2024,1,Western Kentucky,21,0,40162831910,1,71,2,9,NA,NA,NA,NA,NA,NA,4685441,Kendrick Law,7,NA,NA,NA,NA,NA,NA,NA,NA,NA,NA,NA,NA,NA,NA,NA,NA,NA,NA,NA,NA,NA,NA,NA,NA,NA,NA,NA,NA,NA,NA,NA,NA,NA
401628319101998701,401628319,2024,1,Alabama,0,21,40162831910,1,64,3,2,NA,NA,NA,NA,NA,NA,NA,NA,NA,NA,NA,NA,NA,NA,NA,NA,NA,NA,NA,NA,NA,NA,NA,NA,4893798,Devonte' Mathews,1,NA,NA,NA,NA,NA,NA,NA,NA,NA,NA,NA,NA,NA,NA,NA
401628319101998703,401628319,2024,1,Alabama,0,21,40162831911,1,20,1,10,NA,NA,NA,NA,NA,NA,4433945,Elijah Young,7,NA,NA,NA,NA,NA,NA,NA,NA,NA,NA,NA,NA,NA,NA,NA,NA,NA,NA,NA,NA,NA,NA,NA,NA,NA,NA,NA,NA,NA,NA,NA,NA,NA
401628319102849902,401628319,2024,1,Alabama,0,21,40162831911,2,18,2,8,NA,NA,NA,NA,NA,NA,4431948,TJ Finley,5,NA,NA,NA,NA,NA,NA,NA,NA,NA,NA,NA,NA,NA,NA,NA,NA,NA,NA,NA,NA,NA,NA,NA,NA,NA,NA,NA,NA,NA,NA,NA,NA,NA
401628319102857201,401628319,2024,1,Alabama,0,21,40162831911,2,13,3,3,4431948,TJ Finley,-7,4431948,TJ Finley,-7,NA,NA,NA,NA,NA,NA,NA,NA,NA,NA,NA,NA,NA,NA,NA,NA,NA,NA,NA,NA,NA,NA,NA,NA,NA,NA,NA,NA,NA,NA,NA,NA,NA,NA,NA,NA
401628319102866001,401628319,2024,1,Alabama,0,21,40162831911,2,20,4,10,NA,NA,NA,NA,NA,NA,NA,NA,NA,NA,NA,NA,NA,NA,NA,NA,NA,NA,NA,NA,NA,NA,NA,NA,NA,NA,NA,NA,NA,NA,NA,NA,NA,NA,NA,NA,NA,NA,NA,NA,NA,NA
401628319102868501,401628319,2024,1,Western Kentucky,21,0,40162831912,2,89,1,20,NA,NA,NA,NA,NA,NA,4432734,Jalen Milroe,40,NA,NA,NA,NA,NA,NA,NA,NA,NA,NA,NA,NA,NA,NA,NA,NA,NA,NA,NA,NA,NA,NA,NA,NA,NA,NA,NA,NA,NA,NA,NA,NA,NA
401628319102876401,401628319,2024,1,Western Kentucky,28,0,40162831912,2,39,1,10,NA,NA,NA,NA,NA,NA,4685477,Jamarion Miller,39,NA,NA,NA,NA,NA,NA,4685477,Jamarion Miller,1,NA,NA,NA,NA,NA,NA,NA,NA,NA,NA,NA,NA,NA,NA,NA,NA,NA,NA,NA,NA,NA,NA,NA,NA
401628319102876404,401628319,2024,1,Alabama,0,28,40162831913,2,75,1,10,4428527,Dalvin Smith,2,4431948,TJ Finley,2,NA,NA,NA,NA,NA,NA,NA,NA,NA,NA,NA,NA,NA,NA,NA,NA,NA,NA,NA,NA,NA,NA,NA,NA,NA,NA,NA,NA,NA,NA,NA,NA,NA,NA,NA,NA
401628319102878401,401628319,2024,1,Alabama,0,28,40162831913,2,73,2,8,5085434,LT Sanders,4,4431948,TJ Finley,4,NA,NA,NA,NA,NA,NA,NA,NA,NA,NA,NA,NA,NA,NA,NA,NA,NA,NA,NA,NA,NA,NA,NA,NA,NA,NA,NA,NA,NA,NA,NA,NA,NA,NA,NA,NA
401628319102886201,401628319,2024,1,Alabama,0,28,40162831913,2,69,3,4,NA,NA,NA,NA,NA,NA,4431948,TJ Finley,3,NA,NA,NA,NA,NA,NA,NA,NA,NA,NA,NA,NA,NA,NA,NA,NA,NA,NA,NA,NA,NA,NA,NA,NA,NA,NA,NA,NA,NA,NA,NA,NA,NA
401628319102894401,401628319,2024,1,Alabama,0,28,40162831913,2,66,4,1,NA,NA,NA,NA,NA,NA,4431948,TJ Finley,4,NA,NA,NA,NA,NA,NA,NA,NA,NA,NA,NA,NA,NA,NA,NA,NA,NA,NA,NA,NA,NA,NA,NA,NA,NA,NA,NA,NA,NA,NA,NA,NA,NA
401628319102896301,401628319,2024,1,Alabama,0,28,40162831913,2,62,1,10,NA,NA,NA,NA,NA,NA,NA,NA,NA,NA,NA,NA,NA,NA,NA,NA,NA,NA,4431948,TJ Finley,1,4914830,Easton Messer,1,NA,NA,NA,NA,NA,NA,NA,NA,NA,NA,NA,NA,NA,NA,NA,NA,NA,NA
401628319102897001,401628319,2024,1,Alabama,0,28,40162831913,2,62,2,10,4705859,K.D. Hutchinson,0,4431948,TJ Finley,0,NA,NA,NA,NA,NA,NA,NA,NA,NA,NA,NA,NA,NA,NA,NA,NA,NA,NA,NA,NA,NA,NA,NA,NA,NA,NA,NA,NA,NA,NA,NA,NA,NA,NA,NA,NA
401628319102904401,401628319,2024,1,Alabama,0,28,40162831913,2,62,3,10,4433945,Elijah Young,12,4431948,TJ Finley,12,NA,NA,NA,NA,NA,NA,NA,NA,NA,NA,NA,NA,NA,NA,NA,NA,NA,NA,NA,NA,NA,NA,NA,NA,NA,NA,NA,NA,NA,NA,NA,NA,NA,NA,NA,NA
401628319102907501,401628319,2024,1,Alabama,0,28,40162831913,2,50,1,10,NA,NA,NA,NA,NA,NA,NA,NA,NA,NA,NA,NA,NA,NA,NA,NA,NA,NA,4431948,TJ Finley,1,4693881,Kisean Johnson,1,NA,NA,NA,NA,NA,NA,NA,NA,NA,NA,NA,NA,NA,NA,NA,NA,NA,NA
401628319102908001,401628319,2024,1,Alabama,0,28,40162831913,2,50,2,10,NA,NA,NA,NA,NA,NA,NA,NA,NA,NA,NA,NA,NA,NA,NA,NA,NA,NA,4431948,TJ Finley,1,NA,NA,NA,NA,NA,NA,NA,NA,NA,NA,NA,NA,NA,NA,NA,NA,NA,NA,NA,NA,NA
401628319102908601,401628319,2024,1,Alabama,0,28,40162831913,2,50,3,10,4433945,Elijah Young,7,4431948,TJ Finley,7,NA,NA,NA,NA,NA,NA,NA,NA,NA,NA,NA,NA,NA,NA,NA,NA,NA,NA,NA,NA,NA,NA,NA,NA,NA,NA,NA,NA,NA,NA,NA,NA,NA,NA,NA,NA
401628319102917601,401628319,2024,1,Alabama,0,28,40162831913,2,43,4,3,4705859,K.D. Hutchinson,5,4431948,TJ Finley,5,NA,NA,NA,NA,NA,NA,NA,NA,NA,NA,NA,NA,NA,NA,NA,NA,NA,NA,NA,NA,NA,NA,NA,NA,NA,NA,NA,NA,NA,NA,NA,NA,NA,NA,NA,NA
401628319102919801,401628319,2024,1,Alabama,0,28,40162831913,2,38,1,10,NA,NA,NA,NA,NA,NA,NA,NA,NA,NA,NA,NA,NA,NA,NA,NA,NA,NA,4431948,TJ Finley,1,4693881,Kisean Johnson,1,NA,NA,NA,NA,NA,NA,NA,NA,NA,NA,NA,NA,NA,NA,NA,NA,NA,NA
401628319102924501,401628319,2024,1,Alabama,0,28,40162831913,2,38,2,10,4914830,Easton Messer,4,4431948,TJ Finley,4,NA,NA,NA,NA,NA,NA,NA,NA,NA,NA,NA,NA,NA,NA,NA,NA,NA,NA,NA,NA,NA,NA,NA,NA,NA,NA,NA,NA,NA,NA,NA,NA,NA,NA,NA,NA
401628319102927101,401628319,2024,1,Alabama,0,28,40162831913,2,34,3,6,5095915,Moussa Barry,10,4431948,TJ Finley,10,NA,NA,NA,NA,NA,NA,NA,NA,NA,NA,NA,NA,NA,NA,NA,NA,NA,NA,NA,NA,NA,NA,NA,NA,NA,NA,NA,NA,NA,NA,NA,NA,NA,NA,NA,NA
401628319102935101,401628319,2024,1,Alabama,0,28,40162831913,2,24,1,10,5095915,Moussa Barry,3,4431948,TJ Finley,3,NA,NA,NA,NA,NA,NA,NA,NA,NA,NA,NA,NA,NA,NA,NA,NA,NA,NA,NA,NA,NA,NA,NA,NA,NA,NA,NA,NA,NA,NA,NA,NA,NA,NA,NA,NA
401628319102939301,401628319,2024,1,Alabama,0,28,40162831913,2,21,2,7,NA,NA,NA,NA,NA,NA,NA,NA,NA,NA,NA,NA,NA,NA,NA,NA,NA,NA,4431948,TJ Finley,1,5095915,Moussa Barry,1,NA,NA,NA,NA,NA,NA,NA,NA,NA,NA,NA,NA,NA,NA,NA,NA,NA,NA
401628319102939801,401628319,2024,1,Alabama,0,28,40162831913,2,21,3,7,4914830,Easton Messer,8,4431948,TJ Finley,8,NA,NA,NA,NA,NA,NA,NA,NA,NA,NA,NA,NA,NA,NA,NA,NA,NA,NA,NA,NA,NA,NA,NA,NA,NA,NA,NA,NA,NA,NA,NA,NA,NA,NA,NA,NA
401628319102947401,401628319,2024,1,Alabama,0,28,40162831913,2,13,1,10,4433945,Elijah Young,-5,4431948,TJ Finley,-5,NA,NA,NA,NA,NA,NA,NA,NA,NA,NA,NA,NA,NA,NA,NA,NA,NA,NA,NA,NA,NA,NA,NA,NA,NA,NA,NA,NA,NA,NA,NA,NA,NA,NA,NA,NA
401628319102955101,401628319,2024,1,Alabama,0,28,40162831913,2,18,2,15,NA,NA,NA,NA,NA,NA,4433945,Elijah Young,1,NA,NA,NA,NA,NA,NA,NA,NA,NA,NA,NA,NA,NA,NA,NA,NA,NA,NA,NA,NA,NA,NA,NA,NA,NA,NA,NA,NA,NA,NA,NA,NA,NA
401628319102959201,401628319,2024,1,Alabama,0,28,40162831913,2,17,3,14,5095915,Moussa Barry,9,4431948,TJ Finley,9,NA,NA,NA,NA,NA,NA,NA,NA,NA,NA,NA,NA,NA,NA,NA,NA,NA,NA,NA,NA,NA,NA,NA,NA,NA,NA,NA,NA,NA,NA,NA,NA,NA,NA,NA,NA
401628319102967301,401628319,2024,1,Alabama,0,28,40162831913,2,8,4,5,NA,NA,NA,NA,NA,NA,4431948,TJ Finley,4,NA,NA,NA,NA,NA,NA,NA,NA,NA,NA,NA,NA,NA,NA,NA,NA,NA,NA,NA,NA,NA,NA,NA,NA,NA,NA,NA,NA,NA,NA,NA,NA,NA
401628319102967302,401628319,2024,1,Western Kentucky,28,0,40162831914,2,96,1,10,NA,NA,NA,NA,NA,NA,4870760,Justice Haynes,11,NA,NA,NA,NA,NA,NA,NA,NA,NA,NA,NA,NA,NA,NA,NA,NA,NA,NA,NA,NA,NA,NA,NA,NA,NA,NA,NA,NA,NA,NA,NA,NA,NA
401628319102974601,401628319,2024,1,Western Kentucky,35,0,40162831914,2,85,1,10,NA,NA,NA,NA,NA,NA,4870760,Justice Haynes,85,NA,NA,NA,NA,NA,NA,4870760,Justice Haynes,1,NA,NA,NA,NA,NA,NA,NA,NA,NA,NA,NA,NA,NA,NA,NA,NA,NA,NA,NA,NA,NA,NA,NA,NA
401628319102974604,401628319,2024,1,Alabama,0,35,40162831915,2,75,1,10,NA,NA,NA,NA,NA,NA,4875267,George Hart III,4,NA,NA,NA,NA,NA,NA,NA,NA,NA,NA,NA,NA,NA,NA,NA,NA,NA,NA,NA,NA,NA,NA,NA,NA,NA,NA,NA,NA,NA,NA,NA,NA,NA
401628319102977901,401628319,2024,1,Alabama,0,35,40162831915,2,71,2,6,NA,NA,NA,NA,NA,NA,4875267,George Hart III,0,NA,NA,NA,NA,NA,NA,NA,NA,NA,NA,NA,NA,NA,NA,NA,NA,NA,NA,NA,NA,NA,NA,NA,NA,NA,NA,NA,NA,NA,NA,NA,NA,NA
401628319102979901,401628319,2024,1,Alabama,0,35,40162831915,2,71,3,6,NA,NA,NA,NA,NA,NA,5085434,LT Sanders,0,NA,NA,NA,NA,NA,NA,NA,NA,NA,NA,NA,NA,NA,NA,NA,NA,NA,NA,NA,NA,NA,NA,NA,NA,NA,NA,NA,NA,NA,NA,NA,NA,NA
401628319102985402,401628319,2024,1,Western Kentucky,35,0,40162831916,2,55,1,10,NA,NA,NA,NA,NA,NA,NA,NA,NA,NA,NA,NA,NA,NA,NA,NA,NA,NA,4432734,Jalen Milroe,1,4685477,Jamarion Miller,1,NA,NA,NA,NA,NA,NA,NA,NA,NA,NA,NA,NA,NA,NA,NA,NA,NA,NA
401628319102986901,401628319,2024,1,Western Kentucky,42,0,40162831916,2,55,2,10,4432734,Jalen Milroe,55,5141711,Ryan Williams,55,NA,NA,NA,NA,NA,NA,NA,NA,NA,4432734,Jalen Milroe,1,NA,NA,NA,NA,NA,NA,NA,NA,NA,NA,NA,NA,NA,NA,NA,NA,NA,NA,NA,NA,NA,NA,NA,NA
401628319102986904,401628319,2024,1,Alabama,0,42,40162831917,2,75,1,10,NA,NA,NA,NA,NA,NA,4433945,Elijah Young,0,NA,NA,NA,NA,NA,NA,NA,NA,NA,NA,NA,NA,NA,NA,NA,NA,NA,NA,NA,NA,NA,NA,NA,NA,NA,NA,NA,NA,NA,NA,NA,NA,NA
401628319102995201,401628319,2024,1,Alabama,0,42,40162831917,2,75,2,10,NA,NA,NA,NA,NA,NA,4433945,Elijah Young,3,NA,NA,NA,NA,NA,NA,NA,NA,NA,NA,NA,NA,NA,NA,NA,NA,NA,NA,NA,NA,NA,NA,NA,NA,NA,NA,NA,NA,NA,NA,NA,NA,NA
401628319103849902,401628319,2024,1,Western Kentucky,42,0,40162831918,3,75,1,10,NA,NA,NA,NA,NA,NA,4685477,Jamarion Miller,7,NA,NA,NA,NA,NA,NA,NA,NA,NA,NA,NA,NA,NA,NA,NA,NA,NA,NA,NA,NA,NA,NA,NA,NA,NA,NA,NA,NA,NA,NA,NA,NA,NA
401628319103855801,401628319,2024,1,Western Kentucky,42,0,40162831918,3,68,2,3,NA,NA,NA,NA,NA,NA,4685477,Jamarion Miller,1,NA,NA,NA,NA,NA,NA,NA,NA,NA,NA,NA,NA,NA,NA,NA,NA,NA,NA,NA,NA,NA,NA,NA,NA,NA,NA,NA,NA,NA,NA,NA,NA,NA
401628319103859201,401628319,2024,1,Western Kentucky,42,0,40162831918,3,67,3,2,NA,NA,NA,NA,NA,NA,4432734,Jalen Milroe,1,NA,NA,NA,NA,NA,NA,NA,NA,NA,NA,NA,NA,NA,NA,NA,NA,NA,NA,NA,NA,NA,NA,NA,NA,NA,NA,NA,NA,NA,NA,NA,NA,NA
401628319103868602,401628319,2024,1,Alabama,0,42,40162831919,3,83,1,10,NA,NA,NA,NA,NA,NA,4869991,Caden Veltkamp,2,NA,NA,NA,NA,NA,NA,NA,NA,NA,NA,NA,NA,NA,NA,NA,NA,NA,NA,NA,NA,NA,NA,NA,NA,NA,NA,NA,NA,NA,NA,NA,NA,NA
401628319103875601,401628319,2024,1,Alabama,0,42,40162831919,3,81,2,8,4433945,Elijah Young,2,4869991,Caden Veltkamp,2,NA,NA,NA,NA,NA,NA,NA,NA,NA,NA,NA,NA,NA,NA,NA,NA,NA,NA,NA,NA,NA,NA,NA,NA,NA,NA,NA,NA,NA,NA,NA,NA,NA,NA,NA,NA
401628319103879201,401628319,2024,1,Alabama,0,42,40162831919,3,79,3,6,4428527,Dalvin Smith,2,4869991,Caden Veltkamp,2,NA,NA,NA,NA,NA,NA,NA,NA,NA,NA,NA,NA,NA,NA,NA,NA,NA,NA,NA,NA,NA,NA,NA,NA,NA,NA,NA,NA,NA,NA,NA,NA,NA,NA,NA,NA
401628319103886701,401628319,2024,1,Alabama,0,42,40162831919,3,87,3,14,4914830,Easton Messer,3,4869991,Caden Veltkamp,3,NA,NA,NA,NA,NA,NA,NA,NA,NA,NA,NA,NA,NA,NA,NA,NA,NA,NA,NA,NA,NA,NA,NA,NA,NA,NA,NA,NA,NA,NA,NA,NA,NA,NA,NA,NA
401628319103895902,401628319,2024,1,Western Kentucky,42,0,40162831920,3,61,1,10,NA,NA,NA,NA,NA,NA,4432734,Jalen Milroe,3,NA,NA,NA,NA,NA,NA,NA,NA,NA,NA,NA,NA,NA,NA,NA,NA,NA,NA,NA,NA,NA,NA,NA,NA,NA,NA,NA,NA,NA,NA,NA,NA,NA
401628319103897801,401628319,2024,1,Western Kentucky,42,0,40162831920,3,58,2,7,NA,NA,NA,NA,NA,NA,4871081,Richard Young,3,NA,NA,NA,NA,NA,NA,NA,NA,NA,NA,NA,NA,NA,NA,NA,NA,NA,NA,NA,NA,NA,NA,NA,NA,NA,NA,NA,NA,NA,NA,NA,NA,NA
401628319103905501,401628319,2024,1,Western Kentucky,42,0,40162831920,3,55,3,4,4685261,Germie Bernard,17,4432734,Jalen Milroe,17,NA,NA,NA,NA,NA,NA,NA,NA,NA,NA,NA,NA,NA,NA,NA,NA,NA,NA,NA,NA,NA,NA,NA,NA,NA,NA,NA,NA,NA,NA,NA,NA,NA,NA,NA,NA
401628319103907801,401628319,2024,1,Western Kentucky,42,0,40162831920,3,38,1,10,NA,NA,NA,NA,NA,NA,4432734,Jalen Milroe,5,NA,NA,NA,NA,NA,NA,NA,NA,NA,NA,NA,NA,NA,NA,NA,NA,NA,NA,NA,NA,NA,NA,NA,NA,NA,NA,NA,NA,NA,NA,NA,NA,NA
401628319103915601,401628319,2024,1,Western Kentucky,42,0,40162831920,3,33,2,5,NA,NA,NA,NA,NA,NA,4871081,Richard Young,1,NA,NA,NA,NA,NA,NA,NA,NA,NA,NA,NA,NA,NA,NA,NA,NA,NA,NA,NA,NA,NA,NA,NA,NA,NA,NA,NA,NA,NA,NA,NA,NA,NA
401628319103919601,401628319,2024,1,Western Kentucky,42,0,40162831920,3,32,3,4,4876132,Josh Cuevas,4,4432734,Jalen Milroe,4,NA,NA,NA,NA,NA,NA,NA,NA,NA,NA,NA,NA,NA,NA,NA,NA,NA,NA,NA,NA,NA,NA,NA,NA,NA,NA,NA,NA,NA,NA,NA,NA,NA,NA,NA,NA
401628319103926501,401628319,2024,1,Western Kentucky,42,0,40162831920,3,28,1,10,4685381,Emmanuel Henderson Jr.,10,4432734,Jalen Milroe,10,NA,NA,NA,NA,NA,NA,NA,NA,NA,NA,NA,NA,NA,NA,NA,NA,NA,NA,NA,NA,NA,NA,NA,NA,NA,NA,NA,NA,NA,NA,NA,NA,NA,NA,NA,NA
401628319103928601,401628319,2024,1,Western Kentucky,42,0,40162831920,3,18,1,10,NA,NA,NA,NA,NA,NA,4871081,Richard Young,-3,NA,NA,NA,NA,NA,NA,NA,NA,NA,NA,NA,NA,NA,NA,NA,NA,NA,NA,NA,NA,NA,NA,NA,NA,NA,NA,NA,NA,NA,NA,NA,NA,NA
401628319103936901,401628319,2024,1,Western Kentucky,49,0,40162831920,3,21,2,13,NA,NA,NA,NA,NA,NA,4432734,Jalen Milroe,21,NA,NA,NA,NA,NA,NA,4432734,Jalen Milroe,1,NA,NA,NA,NA,NA,NA,NA,NA,NA,NA,NA,NA,NA,NA,NA,NA,NA,NA,NA,NA,NA,NA,NA,NA
401628319103937401,401628319,2024,1,Alabama,0,49,40162831921,3,80,1,10,NA,NA,NA,NA,NA,NA,4433945,Elijah Young,-2,NA,NA,NA,NA,NA,NA,NA,NA,NA,NA,NA,NA,NA,NA,NA,NA,NA,NA,NA,NA,NA,NA,NA,NA,NA,NA,NA,NA,NA,NA,NA,NA,NA
401628319103939701,401628319,2024,1,Alabama,0,49,40162831921,3,82,2,12,NA,NA,NA,NA,NA,NA,NA,NA,NA,NA,NA,NA,NA,NA,NA,NA,NA,NA,4869991,Caden Veltkamp,1,4693881,Kisean Johnson,1,NA,NA,NA,NA,NA,NA,NA,NA,NA,NA,NA,NA,NA,NA,NA,NA,NA,NA
401628319103944301,401628319,2024,1,Alabama,0,49,40162831921,3,82,3,12,NA,NA,NA,NA,NA,NA,NA,NA,NA,NA,NA,NA,NA,NA,NA,NA,NA,NA,4869991,Caden Veltkamp,1,4428527,Dalvin Smith,1,NA,NA,NA,NA,NA,NA,NA,NA,NA,NA,NA,NA,NA,NA,NA,NA,NA,NA
401628319103946102,401628319,2024,1,Western Kentucky,49,0,40162831922,3,53,1,10,4869965,Kobe Prentice,20,4685522,Ty Simpson,20,NA,NA,NA,NA,NA,NA,NA,NA,NA,NA,NA,NA,NA,NA,NA,NA,NA,NA,NA,NA,NA,NA,NA,NA,NA,NA,NA,NA,NA,NA,NA,NA,NA,NA,NA,NA
401628319103948301,401628319,2024,1,Western Kentucky,49,0,40162831922,3,33,1,10,NA,NA,NA,NA,NA,NA,5079506,Daniel Hill,0,NA,NA,NA,NA,NA,NA,NA,NA,NA,NA,NA,NA,NA,NA,NA,NA,NA,NA,NA,NA,NA,NA,NA,NA,NA,NA,NA,NA,NA,NA,NA,NA,NA
401628319103956401,401628319,2024,1,Western Kentucky,49,0,40162831922,3,33,2,10,4869965,Kobe Prentice,14,4685522,Ty Simpson,14,NA,NA,NA,NA,NA,NA,NA,NA,NA,NA,NA,NA,NA,NA,NA,NA,NA,NA,NA,NA,NA,NA,NA,NA,NA,NA,NA,NA,NA,NA,NA,NA,NA,NA,NA,NA
401628319103959501,401628319,2024,1,Western Kentucky,49,0,40162831922,3,19,1,10,NA,NA,NA,NA,NA,NA,4685522,Ty Simpson,17,NA,NA,NA,NA,NA,NA,NA,NA,NA,NA,NA,NA,NA,NA,NA,NA,NA,NA,NA,NA,NA,NA,NA,NA,NA,NA,NA,NA,NA,NA,NA,NA,NA
401628319103966601,401628319,2024,1,Western Kentucky,49,0,40162831922,3,2,1,2,NA,NA,NA,NA,NA,NA,5079506,Daniel Hill,0,NA,NA,NA,NA,NA,NA,NA,NA,NA,NA,NA,NA,NA,NA,NA,NA,NA,NA,NA,NA,NA,NA,NA,NA,NA,NA,NA,NA,NA,NA,NA,NA,NA
401628319103974801,401628319,2024,1,Western Kentucky,56,0,40162831922,3,2,2,2,NA,NA,NA,NA,NA,NA,5079506,Daniel Hill,2,NA,NA,NA,NA,NA,NA,5079506,Daniel Hill,1,NA,NA,NA,NA,NA,NA,NA,NA,NA,NA,NA,NA,NA,NA,NA,NA,NA,NA,NA,NA,NA,NA,NA,NA
401628319103974804,401628319,2024,1,Alabama,0,56,40162831923,3,75,1,10,NA,NA,NA,NA,NA,NA,5085434,LT Sanders,0,NA,NA,NA,NA,NA,NA,NA,NA,NA,NA,NA,NA,NA,NA,NA,NA,NA,NA,NA,NA,NA,NA,NA,NA,NA,NA,NA,NA,NA,NA,NA,NA,NA
401628319103976801,401628319,2024,1,Alabama,0,56,40162831923,3,75,2,10,NA,NA,NA,NA,NA,NA,4869991,Caden Veltkamp,3,NA,NA,NA,NA,NA,NA,NA,NA,NA,NA,NA,NA,NA,NA,NA,NA,NA,NA,NA,NA,NA,NA,NA,NA,NA,NA,NA,NA,NA,NA,NA,NA,NA
401628319103984301,401628319,2024,1,Alabama,0,56,40162831923,3,72,3,7,NA,NA,NA,NA,NA,NA,NA,NA,NA,NA,NA,NA,NA,NA,NA,NA,NA,NA,4869991,Caden Veltkamp,1,5095915,Moussa Barry,1,NA,NA,NA,NA,NA,NA,NA,NA,NA,NA,NA,NA,NA,NA,NA,NA,NA,NA
401628319103986002,401628319,2024,1,Western Kentucky,56,0,40162831924,3,75,1,10,NA,NA,NA,NA,NA,NA,NA,NA,NA,NA,NA,NA,NA,NA,NA,NA,NA,NA,4685522,Ty Simpson,1,4871081,Richard Young,1,NA,NA,NA,NA,NA,NA,NA,NA,NA,NA,NA,NA,NA,NA,NA,NA,NA,NA
401628319103986301,401628319,2024,1,Western Kentucky,56,0,40162831924,3,75,2,10,NA,NA,NA,NA,NA,NA,4871081,Richard Young,1,NA,NA,NA,NA,NA,NA,NA,NA,NA,NA,NA,NA,NA,NA,NA,NA,NA,NA,NA,NA,NA,NA,NA,NA,NA,NA,NA,NA,NA,NA,NA,NA,NA
401628319103994101,401628319,2024,1,Western Kentucky,56,0,40162831924,3,74,3,9,NA,NA,NA,NA,NA,NA,NA,NA,NA,NA,NA,NA,NA,NA,NA,NA,NA,NA,4685522,Ty Simpson,1,5079647,Caleb Odom,1,NA,NA,NA,NA,NA,NA,NA,NA,NA,NA,NA,NA,NA,NA,NA,NA,NA,NA
401628319103995402,401628319,2024,1,Alabama,0,56,40162831925,3,72,1,10,NA,NA,NA,NA,NA,NA,4914830,Easton Messer,-2,NA,NA,NA,NA,NA,NA,NA,NA,NA,NA,NA,NA,NA,NA,NA,NA,NA,NA,NA,NA,NA,NA,NA,NA,NA,NA,NA,NA,NA,NA,NA,NA,NA
401628319104849901,401628319,2024,1,Alabama,0,56,40162831925,4,74,2,12,NA,NA,NA,NA,NA,NA,4433945,Elijah Young,1,NA,NA,NA,NA,NA,NA,NA,NA,NA,NA,NA,NA,NA,NA,NA,NA,NA,NA,NA,NA,NA,NA,NA,NA,NA,NA,NA,NA,NA,NA,NA,NA,NA
401628319104857801,401628319,2024,1,Alabama,0,56,40162831925,4,73,3,11,NA,NA,NA,NA,NA,NA,NA,NA,NA,NA,NA,NA,NA,NA,NA,NA,NA,NA,4869991,Caden Veltkamp,1,4875267,George Hart III,1,NA,NA,NA,NA,NA,NA,NA,NA,NA,NA,NA,NA,NA,NA,NA,NA,NA,NA
401628319104859702,401628319,2024,1,Western Kentucky,56,0,40162831926,4,79,1,10,NA,NA,NA,NA,NA,NA,NA,NA,NA,NA,NA,NA,NA,NA,NA,NA,NA,NA,4685522,Ty Simpson,1,NA,NA,NA,NA,NA,NA,NA,NA,NA,NA,NA,NA,NA,NA,NA,NA,NA,NA,NA,NA,NA
401628319104864001,401628319,2024,1,Western Kentucky,56,0,40162831926,4,79,2,10,NA,NA,NA,NA,NA,NA,5110500,Kevin Riley,9,NA,NA,NA,NA,NA,NA,NA,NA,NA,NA,NA,NA,NA,NA,NA,NA,NA,NA,NA,NA,NA,NA,NA,NA,NA,NA,NA,NA,NA,NA,NA,NA,NA
401628319104868101,401628319,2024,1,Western Kentucky,56,0,40162831926,4,70,3,1,NA,NA,NA,NA,NA,NA,4871081,Richard Young,2,NA,NA,NA,NA,NA,NA,NA,NA,NA,NA,NA,NA,NA,NA,NA,NA,NA,NA,NA,NA,NA,NA,NA,NA,NA,NA,NA,NA,NA,NA,NA,NA,NA
401628319104874401,401628319,2024,1,Western Kentucky,56,0,40162831926,4,68,1,10,5079647,Caleb Odom,8,4685522,Ty Simpson,8,NA,NA,NA,NA,NA,NA,NA,NA,NA,NA,NA,NA,NA,NA,NA,NA,NA,NA,NA,NA,NA,NA,NA,NA,NA,NA,NA,NA,NA,NA,NA,NA,NA,NA,NA,NA
401628319104877101,401628319,2024,1,Western Kentucky,56,0,40162831926,4,60,2,2,NA,NA,NA,NA,NA,NA,4871081,Richard Young,4,NA,NA,NA,NA,NA,NA,NA,NA,NA,NA,NA,NA,NA,NA,NA,NA,NA,NA,NA,NA,NA,NA,NA,NA,NA,NA,NA,NA,NA,NA,NA,NA,NA
401628319104884901,401628319,2024,1,Western Kentucky,56,0,40162831926,4,56,1,10,NA,NA,NA,NA,NA,NA,5110500,Kevin Riley,2,NA,NA,NA,NA,NA,NA,NA,NA,NA,NA,NA,NA,NA,NA,NA,NA,NA,NA,NA,NA,NA,NA,NA,NA,NA,NA,NA,NA,NA,NA,NA,NA,NA
401628319104887201,401628319,2024,1,Western Kentucky,56,0,40162831926,4,54,2,8,5079647,Caleb Odom,15,4685522,Ty Simpson,15,NA,NA,NA,NA,NA,NA,NA,NA,NA,NA,NA,NA,NA,NA,NA,NA,NA,NA,NA,NA,NA,NA,NA,NA,NA,NA,NA,NA,NA,NA,NA,NA,NA,NA,NA,NA
401628319104896301,401628319,2024,1,Western Kentucky,56,0,40162831926,4,24,1,10,4869965,Kobe Prentice,9,4685522,Ty Simpson,9,NA,NA,NA,NA,NA,NA,NA,NA,NA,NA,NA,NA,NA,NA,NA,NA,NA,NA,NA,NA,NA,NA,NA,NA,NA,NA,NA,NA,NA,NA,NA,NA,NA,NA,NA,NA
401628319104898201,401628319,2024,1,Western Kentucky,56,0,40162831926,4,15,2,1,NA,NA,NA,NA,NA,NA,NA,NA,NA,NA,NA,NA,NA,NA,NA,NA,NA,NA,4685522,Ty Simpson,1,4869965,Kobe Prentice,1,NA,NA,NA,NA,NA,NA,NA,NA,NA,NA,NA,NA,NA,NA,NA,NA,NA,NA
401628319104899501,401628319,2024,1,Western Kentucky,63,0,40162831926,4,15,3,1,NA,NA,NA,NA,NA,NA,4685522,Ty Simpson,15,NA,NA,NA,NA,NA,NA,4685522,Ty Simpson,1,NA,NA,NA,NA,NA,NA,NA,NA,NA,NA,NA,NA,NA,NA,NA,NA,NA,NA,NA,NA,NA,NA,NA,NA
401628319104904101,401628319,2024,1,Alabama,0,63,40162831927,4,73,1,10,4686145,Bryce Childress,4,4869991,Caden Veltkamp,4,NA,NA,NA,NA,NA,NA,NA,NA,NA,NA,NA,NA,NA,NA,NA,NA,NA,NA,NA,NA,NA,NA,NA,NA,NA,NA,NA,NA,NA,NA,NA,NA,NA,NA,NA,NA
401628319104906701,401628319,2024,1,Alabama,0,63,40162831927,4,69,2,6,NA,NA,NA,NA,NA,NA,4869991,Caden Veltkamp,1,NA,NA,NA,NA,NA,NA,NA,NA,NA,NA,NA,NA,NA,NA,NA,NA,NA,NA,NA,NA,NA,NA,NA,NA,NA,NA,NA,NA,NA,NA,NA,NA,NA
401628319104914501,401628319,2024,1,Alabama,0,63,40162831927,4,68,3,5,NA,NA,NA,NA,NA,NA,NA,NA,NA,NA,NA,NA,NA,NA,NA,NA,NA,NA,4869991,Caden Veltkamp,1,5095915,Moussa Barry,1,NA,NA,NA,NA,NA,NA,NA,NA,NA,NA,NA,NA,NA,NA,NA,NA,NA,NA
401628319104916003,401628319,2024,1,Western Kentucky,63,0,40162831928,4,67,1,10,NA,NA,NA,NA,NA,NA,5079506,Daniel Hill,5,NA,NA,NA,NA,NA,NA,NA,NA,NA,NA,NA,NA,NA,NA,NA,NA,NA,NA,NA,NA,NA,NA,NA,NA,NA,NA,NA,NA,NA,NA,NA,NA,NA
401628319104919701,401628319,2024,1,Western Kentucky,63,0,40162831928,4,62,2,5,NA,NA,NA,NA,NA,NA,5079506,Daniel Hill,11,NA,NA,NA,NA,NA,NA,NA,NA,NA,NA,NA,NA,NA,NA,NA,NA,NA,NA,NA,NA,NA,NA,NA,NA,NA,NA,NA,NA,NA,NA,NA,NA,NA
401628319104927801,401628319,2024,1,Western Kentucky,63,0,40162831928,4,51,1,10,NA,NA,NA,NA,NA,NA,5079506,Daniel Hill,3,NA,NA,NA,NA,NA,NA,NA,NA,NA,NA,NA,NA,NA,NA,NA,NA,NA,NA,NA,NA,NA,NA,NA,NA,NA,NA,NA,NA,NA,NA,NA,NA,NA
401628319104935301,401628319,2024,1,Western Kentucky,63,0,40162831928,4,48,2,7,NA,NA,NA,NA,NA,NA,5079506,Daniel Hill,1,NA,NA,NA,NA,NA,NA,NA,NA,NA,NA,NA,NA,NA,NA,NA,NA,NA,NA,NA,NA,NA,NA,NA,NA,NA,NA,NA,NA,NA,NA,NA,NA,NA
401628319104938901,401628319,2024,1,Western Kentucky,63,0,40162831928,4,47,3,6,NA,NA,NA,NA,NA,NA,4870900,Dylan Lonergan,16,NA,NA,NA,NA,NA,NA,NA,NA,NA,NA,NA,NA,NA,NA,NA,NA,NA,NA,NA,NA,NA,NA,NA,NA,NA,NA,NA,NA,NA,NA,NA,NA,NA
401628319104947001,401628319,2024,1,Western Kentucky,63,0,40162831928,4,31,1,10,NA,NA,NA,NA,NA,NA,5079506,Daniel Hill,4,NA,NA,NA,NA,NA,NA,NA,NA,NA,NA,NA,NA,NA,NA,NA,NA,NA,NA,NA,NA,NA,NA,NA,NA,NA,NA,NA,NA,NA,NA,NA,NA,NA
401628319104955601,401628319,2024,1,Western Kentucky,63,0,40162831928,4,27,2,6,NA,NA,NA,NA,NA,NA,5079506,Daniel Hill,3,NA,NA,NA,NA,NA,NA,NA,NA,NA,NA,NA,NA,NA,NA,NA,NA,NA,NA,NA,NA,NA,NA,NA,NA,NA,NA,NA,NA,NA,NA,NA,NA,NA
401628319104964402,401628319,2024,1,Western Kentucky,63,0,40162831928,4,24,3,3,NA,NA,NA,NA,NA,NA,5110500,Kevin Riley,4,NA,NA,NA,NA,NA,NA,NA,NA,NA,NA,NA,NA,NA,NA,NA,NA,NA,NA,NA,NA,NA,NA,NA,NA,NA,NA,NA,NA,NA,NA,NA,NA,NA
401628319104967701,401628319,2024,1,Western Kentucky,63,0,40162831928,4,20,1,10,NA,NA,NA,NA,NA,NA,5110500,Kevin Riley,3,NA,NA,NA,NA,NA,NA,NA,NA,NA,NA,NA,NA,NA,NA,NA,NA,NA,NA,NA,NA,NA,NA,NA,NA,NA,NA,NA,NA,NA,NA,NA,NA,NA
401628319104976001,401628319,2024,1,Western Kentucky,63,0,40162831928,4,17,2,7,NA,NA,NA,NA,NA,NA,5110500,Kevin Riley,2,NA,NA,NA,NA,NA,NA,NA,NA,NA,NA,NA,NA,NA,NA,NA,NA,NA,NA,NA,NA,NA,NA,NA,NA,NA,NA,NA,NA,NA,NA,NA,NA,NA
401628319104979901,401628319,2024,1,Western Kentucky,63,0,40162831928,4,15,3,5,NA,NA,NA,NA,NA,NA,5110500,Kevin Riley,4,NA,NA,NA,NA,NA,NA,NA,NA,NA,NA,NA,NA,NA,NA,NA,NA,NA,NA,NA,NA,NA,NA,NA,NA,NA,NA,NA,NA,NA,NA,NA,NA,NA
401628319104987701,401628319,2024,1,Western Kentucky,63,0,40162831928,4,11,4,1,NA,NA,NA,NA,NA,NA,5110500,Kevin Riley,2,NA,NA,NA,NA,NA,NA,NA,NA,NA,NA,NA,NA,NA,NA,NA,NA,NA,NA,NA,NA,NA,NA,NA,NA,NA,NA,NA,NA,NA,NA,NA,NA,NA
